"Date ","series ","OPEN ","HIGH ","LOW ","PREV. CLOSE ","ltp ","close ","vwap ","52W H ","52W L ","VOLUME ","VALUE ","No of trades "
"24-Apr-2020","EQ","5,100.00","5,140.00","5,030.00","5,156.35","5,050.00","5,045.65","5,082.53","7,758.70","4,001.10",1070905,"5,442,908,928.55",79318
"23-Apr-2020","EQ","5,169.00","5,244.60","5,045.00","5,180.85","5,160.00","5,156.35","5,172.04","7,758.70","4,001.10",1454065,"7,520,481,407.15",105193
"22-Apr-2020","EQ","5,009.00","5,248.25","4,991.00","5,001.10","5,168.00","5,180.85","5,134.59","7,758.70","4,001.10",1991789,"10,227,014,548.90",161876
"21-Apr-2020","EQ","5,131.30","5,131.30","4,884.50","5,331.35","5,009.95","5,001.10","5,001.21","7,758.70","4,001.10",1843174,"9,218,104,936.15",174888
"20-Apr-2020","EQ","5,512.00","5,573.95","5,280.00","5,505.00","5,297.30","5,331.35","5,390.28","7,758.70","4,001.10",1555313,"8,383,579,546.40",133978
"17-Apr-2020","EQ","5,325.00","5,602.95","5,211.70","5,130.80","5,579.00","5,505.00","5,357.87","7,758.70","4,001.10",2192907,"11,749,309,949.15",188848
"16-Apr-2020","EQ","5,017.00","5,228.00","4,970.00","5,094.30","5,148.00","5,130.80","5,112.87","7,758.70","4,001.10",1752170,"8,958,615,439.60",161573
"15-Apr-2020","EQ","5,307.50","5,350.00","5,041.00","5,283.15","5,090.00","5,094.30","5,211.13","7,758.70","4,001.10",2094529,"10,914,872,831.65",195907
"13-Apr-2020","EQ","5,285.00","5,343.40","5,001.00","5,326.65","5,270.00","5,283.15","5,166.27","7,758.70","4,001.10",2192269,"11,325,858,702.60",221195
"09-Apr-2020","EQ","4,794.45","5,399.00","4,736.20","4,698.10","5,350.00","5,326.65","5,116.97","7,758.70","4,001.10",3786661,"19,376,215,716.55",310721
"08-Apr-2020","EQ","4,406.50","4,925.00","4,406.50","4,553.65","4,700.00","4,698.10","4,702.68","7,758.70","4,001.10",2798838,"13,162,032,684.55",252470
"07-Apr-2020","EQ","4,150.00","4,612.90","4,120.00","4,011.50","4,525.95","4,553.65","4,325.97","7,758.70","4,001.10",2688425,"11,630,036,387.35",257463
"03-Apr-2020","EQ","4,250.00","4,267.00","4,001.10","4,246.35","4,011.50","4,011.50","4,099.78","7,758.70","4,001.10",1724863,"7,071,562,250.80",174626
"01-Apr-2020","EQ","4,290.00","4,424.85","4,190.10","4,288.30","4,229.00","4,246.35","4,273.79","7,758.70","4,030.00",1323857,"5,657,889,879.15",147374
"31-Mar-2020","EQ","4,450.00","4,468.05","4,210.00","4,328.45","4,288.30","4,288.30","4,288.74","7,758.70","4,030.00",2140288,"9,179,135,849.65",200296
"30-Mar-2020","EQ","4,587.45","4,639.95","4,270.00","4,646.10","4,360.00","4,328.45","4,423.18","7,758.70","4,030.00",1528083,"6,758,982,842.00",157181
"27-Mar-2020","EQ","5,100.00","5,136.50","4,555.00","4,878.00","4,655.00","4,646.10","4,753.66","7,758.70","4,030.00",1339446,"6,367,269,207.60",173761
"26-Mar-2020","EQ","5,024.45","5,120.00","4,750.00","5,005.95","4,950.00","4,878.00","4,926.22","7,758.70","4,030.00",1338798,"6,595,206,823.45",162802
"25-Mar-2020","EQ","4,439.00","5,159.40","4,310.10","4,486.45","4,960.00","5,005.95","4,785.80","7,758.70","4,030.00",1728820,"8,273,787,423.90",172520
"24-Mar-2020","EQ","4,341.00","4,570.00","4,030.00","4,220.35","4,545.00","4,486.45","4,361.25","7,758.70","4,030.00",1746713,"7,617,859,746.45",186957
"23-Mar-2020","EQ","4,575.00","4,790.00","4,141.00","5,079.20","4,178.00","4,220.35","4,371.69","7,758.70","4,141.00",1531989,"6,697,382,876.00",234867
"20-Mar-2020","EQ","4,869.00","5,225.00","4,812.60","4,819.55","5,094.00","5,079.20","5,040.51","7,758.70","4,652.55",1614608,"8,138,443,331.40",166562
"19-Mar-2020","EQ","4,870.00","5,096.60","4,652.55","5,352.65","4,859.00","4,819.55","4,874.22","7,758.70","4,652.55",2554586,"12,451,621,373.00",250425
"18-Mar-2020","EQ","5,671.00","5,688.80","5,312.55","5,603.95","5,370.20","5,352.65","5,419.95","7,758.70","4,803.05",973406,"5,275,813,532.30",113820
"17-Mar-2020","EQ","5,502.00","5,746.95","5,502.00","5,480.25","5,600.00","5,603.95","5,646.01","7,758.70","4,803.05",1238640,"6,993,371,024.15",127952
"16-Mar-2020","EQ","5,638.60","5,688.00","5,400.00","5,838.60","5,460.00","5,480.25","5,562.31","7,758.70","4,803.05",933424,"5,191,995,753.90",112598
"13-Mar-2020","EQ","5,325.20","6,063.50","4,803.05","5,643.15","5,900.00","5,838.60","5,608.16","7,758.70","4,803.05",1480275,"8,301,616,079.85",151656
"12-Mar-2020","EQ","5,939.30","5,939.30","5,555.55","6,146.30","5,642.25","5,643.15","5,742.20","7,758.70","5,446.05",1345986,"7,728,917,382.75",139523
"11-Mar-2020","EQ","6,160.00","6,310.95","6,105.00","6,201.10","6,137.95","6,146.30","6,177.52","7,758.70","5,446.05",937029,"5,788,518,295.35",100403
"09-Mar-2020","EQ","6,301.00","6,374.00","6,079.40","6,445.95","6,225.00","6,201.10","6,240.68","7,758.70","5,446.05",1082031,"6,752,611,537.40",113127
"06-Mar-2020","EQ","6,196.40","6,480.00","6,100.15","6,365.95","6,393.10","6,445.95","6,331.23","7,758.70","5,446.05",1140899,"7,223,292,485.55",98103
"05-Mar-2020","EQ","6,411.90","6,464.00","6,330.20","6,384.35","6,348.00","6,365.95","6,390.88","7,758.70","5,446.05",645853,"4,127,568,322.90",65335
"04-Mar-2020","EQ","6,390.00","6,424.00","6,209.00","6,386.05","6,380.00","6,384.35","6,334.46","7,758.70","5,446.05",904360,"5,728,634,377.25",82506
"03-Mar-2020","EQ","6,318.00","6,422.15","6,280.50","6,285.15","6,386.10","6,386.05","6,344.80","7,758.70","5,446.05",849199,"5,388,001,212.60",90279
"02-Mar-2020","EQ","6,400.95","6,439.55","6,250.00","6,283.10","6,300.00","6,285.15","6,332.12","7,758.70","5,446.05",1219764,"7,723,695,156.50",96971
"28-Feb-2020","EQ","6,163.05","6,367.35","6,103.20","6,289.80","6,294.05","6,283.10","6,235.61","7,758.70","5,446.05",1468843,"9,159,134,308.35",117164
"27-Feb-2020","EQ","6,230.00","6,338.05","6,166.80","6,234.85","6,291.00","6,289.80","6,259.71","7,758.70","5,446.05",1492657,"9,343,594,036.05",143056
"26-Feb-2020","EQ","6,350.00","6,368.85","6,186.05","6,414.55","6,260.00","6,234.85","6,285.00","7,758.70","5,446.05",1580738,"9,934,932,440.00",116894
"25-Feb-2020","EQ","6,505.40","6,510.00","6,376.55","6,470.40","6,411.25","6,414.55","6,447.27","7,758.70","5,446.05",964897,"6,220,955,759.00",120005
"24-Feb-2020","EQ","6,710.00","6,710.00","6,439.80","6,757.60","6,475.00","6,470.40","6,552.55","7,758.70","5,446.05",1091346,"7,151,099,771.80",116104
"20-Feb-2020","EQ","6,761.00","6,807.55","6,720.00","6,756.60","6,740.10","6,757.60","6,772.50","7,758.70","5,446.05",682513,"4,622,317,506.90",57024
"19-Feb-2020","EQ","6,850.00","6,854.95","6,624.60","6,781.10","6,763.00","6,756.60","6,734.72","7,758.70","5,446.05",1033939,"6,963,293,978.80",98165
"18-Feb-2020","EQ","6,925.00","6,930.00","6,735.80","6,906.75","6,795.00","6,781.10","6,786.65","7,758.70","5,446.05",830678,"5,637,520,586.70",72639
"17-Feb-2020","EQ","6,920.00","6,980.00","6,880.00","6,913.80","6,925.00","6,906.75","6,927.10","7,758.70","5,446.05",463548,"3,211,043,086.15",33826
"14-Feb-2020","EQ","7,000.05","7,088.95","6,901.00","7,005.05","6,915.00","6,913.80","6,988.30","7,758.70","5,446.05",614859,"4,296,819,104.45",57126
"13-Feb-2020","EQ","7,050.00","7,056.00","6,925.00","7,043.30","6,995.00","7,005.05","6,971.87","7,758.70","5,446.05",723169,"5,041,843,859.50",49754
"12-Feb-2020","EQ","7,056.10","7,110.00","7,007.95","7,033.75","7,048.00","7,043.30","7,061.19","7,758.70","5,446.05",599364,"4,232,221,558.10",42309
"11-Feb-2020","EQ","6,950.00","7,089.00","6,912.30","6,892.90","7,026.00","7,033.75","7,035.67","7,758.70","5,446.05",743160,"5,228,626,894.85",62908
"10-Feb-2020","EQ","6,975.00","6,989.10","6,851.10","6,971.75","6,894.60","6,892.90","6,899.40","7,758.70","5,446.05",593773,"4,096,674,552.90",53020
"07-Feb-2020","EQ","7,039.00","7,050.00","6,935.00","7,021.60","6,970.00","6,971.75","6,976.03","7,758.70","5,446.05",645814,"4,505,215,041.00",55241
"06-Feb-2020","EQ","7,075.00","7,120.35","6,976.80","7,040.90","7,014.20","7,021.60","7,040.99","7,758.70","5,446.05",875714,"6,165,891,109.55",66469
"05-Feb-2020","EQ","7,215.00","7,231.60","7,025.60","7,199.60","7,050.00","7,040.90","7,100.88","7,758.70","5,446.05",718489,"5,101,902,850.00",67964
"04-Feb-2020","EQ","7,020.00","7,215.00","7,001.00","7,011.30","7,196.30","7,199.60","7,133.75","7,758.70","5,446.05",973311,"6,943,361,735.55",77101
"03-Feb-2020","EQ","6,780.00","7,044.85","6,780.00","6,812.65","7,010.00","7,011.30","6,946.13","7,758.70","5,446.05",1010531,"7,019,275,548.45",115802
"01-Feb-2020","EQ","6,915.00","7,109.80","6,740.30","6,913.50","6,775.00","6,812.65","6,939.09","7,758.70","5,446.05",1412932,"9,804,458,184.70",149692
"31-Jan-2020","EQ","7,035.00","7,064.00","6,895.55","7,020.45","6,927.00","6,913.50","6,966.75","7,758.70","5,446.05",868935,"6,053,651,158.65",87940
"30-Jan-2020","EQ","7,020.00","7,049.00","6,981.00","7,010.30","7,020.00","7,020.45","7,014.30","7,758.70","5,446.05",579174,"4,062,497,416.75",48242
"29-Jan-2020","EQ","7,010.00","7,116.25","6,975.00","6,997.05","7,022.00","7,010.30","7,043.38","7,758.70","5,446.05",1001252,"7,052,201,123.75",116694
"28-Jan-2020","EQ","7,179.95","7,219.95","6,963.00","7,148.80","6,999.00","6,997.05","7,076.43","7,758.70","5,446.05",1614448,"11,424,531,373.55",151546
"27-Jan-2020","EQ","7,101.50","7,225.00","7,061.00","7,128.45","7,125.00","7,148.80","7,163.25","7,758.70","5,446.05",573149,"4,105,610,539.80",47664
"24-Jan-2020","EQ","7,148.80","7,210.00","7,111.25","7,147.10","7,130.00","7,128.45","7,154.51","7,758.70","5,446.05",645723,"4,619,831,010.25",50530
"23-Jan-2020","EQ","7,145.40","7,220.00","7,123.15","7,135.60","7,132.95","7,147.10","7,163.31","7,758.70","5,446.05",589326,"4,221,523,381.85",43298
"22-Jan-2020","EQ","7,340.00","7,374.95","7,107.95","7,302.65","7,145.00","7,135.60","7,165.57","7,758.70","5,446.05",1048435,"7,512,636,152.90",88307
"21-Jan-2020","EQ","7,411.50","7,434.65","7,287.80","7,449.60","7,297.90","7,302.65","7,350.84","7,758.70","5,446.05",442561,"3,253,196,112.05",36589
"20-Jan-2020","EQ","7,521.25","7,529.50","7,421.05","7,520.15","7,440.00","7,449.60","7,468.19","7,758.70","5,446.05",407828,"3,045,737,844.20",37148
"17-Jan-2020","EQ","7,469.00","7,569.90","7,432.55","7,462.65","7,550.85","7,520.15","7,499.26","7,758.70","5,446.05",750738,"5,629,978,077.55",49650
"16-Jan-2020","EQ","7,456.50","7,521.00","7,421.20","7,482.95","7,469.90","7,462.65","7,466.23","7,758.70","5,446.05",640207,"4,779,933,299.20",45686
"15-Jan-2020","EQ","7,388.95","7,505.00","7,353.00","7,386.80","7,482.00","7,482.95","7,419.98","7,758.70","5,446.05",692726,"5,140,014,822.30",46714
"14-Jan-2020","EQ","7,355.00","7,412.40","7,325.60","7,352.70","7,390.00","7,386.80","7,377.09","7,758.70","5,446.05",548522,"4,046,494,825.80",46069
"13-Jan-2020","EQ","7,332.00","7,370.00","7,279.80","7,330.50","7,364.00","7,352.70","7,325.48","7,758.70","5,446.05",537399,"3,936,703,056.85",45690
"10-Jan-2020","EQ","7,261.40","7,349.90","7,234.40","7,227.90","7,329.00","7,330.50","7,299.43","7,758.70","5,446.05",747847,"5,458,857,956.80",59339
"09-Jan-2020","EQ","7,140.00","7,240.00","7,102.00","7,035.20","7,240.00","7,227.90","7,180.72","7,758.70","5,446.05",798184,"5,731,536,546.55",60422
"08-Jan-2020","EQ","7,060.00","7,116.65","6,980.45","7,073.60","7,035.00","7,035.20","7,034.09","7,758.70","5,446.05",793313,"5,580,233,047.20",54674
"07-Jan-2020","EQ","7,100.00","7,165.60","7,026.40","7,042.40","7,075.00","7,073.60","7,089.61","7,758.70","5,446.05",590500,"4,186,415,011.40",50872
"06-Jan-2020","EQ","7,200.00","7,210.00","7,026.50","7,254.25","7,032.00","7,042.40","7,074.03","7,758.70","5,446.05",748516,"5,295,028,129.05",64186
"03-Jan-2020","EQ","7,328.95","7,332.00","7,226.00","7,329.85","7,250.35","7,254.25","7,275.61","7,758.70","5,446.05",571967,"4,161,407,040.80",42037
"02-Jan-2020","EQ","7,327.60","7,368.00","7,312.00","7,311.70","7,316.45","7,329.85","7,339.32","7,758.70","5,446.05",616838,"4,527,173,729.35",51801
"01-Jan-2020","EQ","7,377.00","7,409.95","7,282.05","7,368.60","7,308.00","7,311.70","7,339.10","7,758.70","5,446.05",634725,"4,658,307,412.85",42182
"31-Dec-2019","EQ","7,412.50","7,412.50","7,355.25","7,416.25","7,370.00","7,368.60","7,377.02","7,758.70","5,446.05",560622,"4,135,721,059.70",40633
"30-Dec-2019","EQ","7,378.00","7,431.95","7,341.60","7,344.90","7,415.00","7,416.25","7,387.18","7,758.70","5,446.05",739631,"5,463,787,167.85",57365
"27-Dec-2019","EQ","7,268.00","7,368.50","7,251.40","7,240.90","7,354.20","7,344.90","7,302.96","7,758.70","5,446.05",665383,"4,859,265,146.05",44849
"26-Dec-2019","EQ","7,334.00","7,343.45","7,222.00","7,327.80","7,237.25","7,240.90","7,282.31","7,758.70","5,446.05",556360,"4,051,588,542.55",41162
"24-Dec-2019","EQ","7,397.00","7,423.70","7,302.00","7,360.90","7,319.50","7,327.80","7,373.16","7,758.70","5,446.05",850537,"6,271,144,686.50",66849
"23-Dec-2019","EQ","7,275.00","7,378.60","7,250.10","7,261.50","7,374.70","7,360.90","7,329.56","7,758.70","5,446.05",914067,"6,699,709,957.00",69493
"20-Dec-2019","EQ","7,240.65","7,304.35","7,227.50","7,240.65","7,255.00","7,261.50","7,265.58","7,949.75","5,446.05",679779,"4,938,990,587.70",68095
"19-Dec-2019","EQ","7,248.95","7,310.00","7,166.00","7,240.65","7,230.00","7,240.65","7,262.25","7,949.75","5,446.05",1001697,"7,274,577,372.10",69342
"18-Dec-2019","EQ","7,220.00","7,254.95","7,164.00","7,195.15","7,240.05","7,240.65","7,209.42","7,949.75","5,446.05",841740,"6,068,461,334.75",61450
"17-Dec-2019","EQ","7,209.90","7,276.50","7,166.00","7,140.05","7,189.10","7,195.15","7,211.21","7,949.75","5,446.05",939918,"6,777,942,085.30",79678
"16-Dec-2019","EQ","7,240.00","7,257.70","7,125.00","7,214.95","7,134.95","7,140.05","7,183.39","7,949.75","5,446.05",727854,"5,228,458,868.55",59941
"13-Dec-2019","EQ","7,043.95","7,249.00","7,030.15","6,999.80","7,242.00","7,214.95","7,143.20","7,949.75","5,446.05",1199360,"8,567,268,416.95",105681
"12-Dec-2019","EQ","7,030.40","7,045.95","6,975.50","6,993.20","7,000.00","6,999.80","7,003.06","7,949.75","5,446.05",932863,"6,532,893,219.80",56242
"11-Dec-2019","EQ","7,000.00","7,035.00","6,955.20","6,963.65","6,985.85","6,993.20","6,993.48","7,949.75","5,446.05",603048,"4,217,403,800.50",56994
"10-Dec-2019","EQ","7,019.00","7,048.95","6,905.00","6,994.75","6,982.15","6,963.65","6,969.35","7,949.75","5,446.05",790378,"5,508,420,269.85",68946
"09-Dec-2019","EQ","7,007.00","7,108.00","6,952.35","6,886.70","7,011.95","6,994.75","7,023.88","7,949.75","5,446.05",1479832,"10,394,166,354.70",115549
"06-Dec-2019","EQ","7,012.85","7,050.00","6,864.10","7,012.85","6,886.75","6,886.70","6,950.34","7,949.75","5,446.05",770911,"5,358,089,807.75",69329
"05-Dec-2019","EQ","7,090.00","7,125.15","6,990.55","7,076.10","6,995.00","7,012.85","7,056.26","7,949.75","5,446.05",602894,"4,254,176,128.55",53458
"04-Dec-2019","EQ","7,129.80","7,170.00","7,052.00","7,138.80","7,076.10","7,076.10","7,101.76","7,949.75","5,446.05",737723,"5,239,134,460.05",57207
"03-Dec-2019","EQ","7,142.65","7,240.00","7,060.00","7,139.35","7,127.50","7,138.80","7,161.86","7,949.75","5,446.05",668269,"4,786,049,338.35",53077
"02-Dec-2019","EQ","7,291.00","7,294.85","7,106.75","7,245.85","7,129.00","7,139.35","7,174.28","7,949.75","5,446.05",703838,"5,049,534,364.55",54287
"29-Nov-2019","EQ","7,254.00","7,293.85","7,132.00","7,261.25","7,253.35","7,245.85","7,215.71","7,949.75","5,446.05",792083,"5,715,439,563.35",63587
"28-Nov-2019","EQ","7,299.80","7,321.10","7,220.95","7,294.40","7,255.65","7,261.25","7,260.77","7,949.75","5,446.05",602077,"4,371,543,716.80",47860
"27-Nov-2019","EQ","7,166.60","7,300.00","7,166.60","7,125.00","7,299.00","7,294.40","7,254.47","7,949.75","5,446.05",1070680,"7,767,211,209.75",86402
"26-Nov-2019","EQ","7,238.00","7,274.00","7,084.00","7,236.10","7,130.00","7,125.00","7,171.27","7,949.75","5,446.05",1249810,"8,962,724,392.30",94714
"25-Nov-2019","EQ","7,075.20","7,263.50","7,040.30","7,060.45","7,238.00","7,236.10","7,180.61","7,949.75","5,446.05",952419,"6,838,953,466.15",81904
"22-Nov-2019","EQ","7,034.00","7,077.45","7,000.00","7,019.05","7,065.00","7,060.45","7,041.13","7,949.75","5,446.05",685503,"4,826,718,519.80",54409
"21-Nov-2019","EQ","7,150.00","7,200.00","7,004.80","7,152.75","7,017.00","7,019.05","7,106.45","7,949.75","5,446.05",763454,"5,425,444,943.40",67829
"20-Nov-2019","EQ","7,120.00","7,218.00","7,044.00","7,045.45","7,120.00","7,152.75","7,144.30","7,949.75","5,446.05",1289948,"9,215,771,943.10",93566
"19-Nov-2019","EQ","7,146.00","7,155.00","7,032.00","7,098.45","7,054.00","7,045.45","7,078.54","7,949.75","5,446.05",755114,"5,345,101,655.45",82585
"18-Nov-2019","EQ","7,150.00","7,177.00","7,075.00","7,147.20","7,105.05","7,098.45","7,120.09","7,949.75","5,446.05",537228,"3,825,113,892.85",48810
"15-Nov-2019","EQ","7,300.00","7,359.00","7,116.20","7,247.15","7,140.00","7,147.20","7,248.07","7,949.75","5,446.05",1049492,"7,606,787,177.65",86228
"14-Nov-2019","EQ","7,160.00","7,270.00","7,160.00","7,154.60","7,246.00","7,247.15","7,232.45","7,949.75","5,446.05",802462,"5,803,765,744.80",68287
"13-Nov-2019","EQ","7,130.00","7,169.85","7,095.00","7,137.30","7,145.00","7,154.60","7,133.06","7,949.75","5,446.05",687017,"4,900,533,229.70",59645
"11-Nov-2019","EQ","7,160.00","7,237.45","7,074.00","7,200.55","7,121.30","7,137.30","7,137.71","7,949.75","5,446.05",864507,"6,170,601,866.10",82023
"08-Nov-2019","EQ","7,286.45","7,370.00","7,178.05","7,287.15","7,192.65","7,200.55","7,286.11","7,949.75","5,446.05",983936,"7,169,066,091.90",75540
"07-Nov-2019","EQ","7,357.00","7,357.00","7,241.00","7,311.15","7,292.10","7,287.15","7,286.46","7,949.75","5,446.05",877885,"6,396,671,247.55",75660
"06-Nov-2019","EQ","7,395.00","7,415.00","7,295.00","7,389.00","7,310.00","7,311.15","7,338.92","7,949.75","5,446.05",923041,"6,774,124,387.20",76497
"05-Nov-2019","EQ","7,429.95","7,541.95","7,325.00","7,424.00","7,395.95","7,389.00","7,421.46","7,949.75","5,446.05",1207089,"8,958,357,460.85",100603
"04-Nov-2019","EQ","7,550.00","7,625.00","7,407.45","7,618.65","7,429.95","7,424.00","7,494.28","7,949.75","5,446.05",824953,"6,182,428,853.75",75458
"01-Nov-2019","EQ","7,599.95","7,649.00","7,545.10","7,559.40","7,602.00","7,618.65","7,603.25","7,949.75","5,446.05",1151035,"8,751,611,320.35",95019
"31-Oct-2019","EQ","7,612.90","7,645.00","7,502.00","7,556.95","7,559.45","7,559.40","7,568.25","7,949.75","5,446.05",1067275,"8,077,406,378.60",109160
"30-Oct-2019","EQ","7,744.00","7,753.65","7,539.70","7,721.30","7,562.00","7,556.95","7,625.75","7,949.75","5,446.05",1243366,"9,481,592,083.20",127442
"29-Oct-2019","EQ","7,416.00","7,758.70","7,381.85","7,422.10","7,750.00","7,721.30","7,612.92","7,949.75","5,446.05",1396732,"10,633,212,797.45",157536
"27-Oct-2019","EQ","7,477.00","7,500.00","7,392.05","7,471.15","7,412.00","7,422.10","7,444.90","7,949.75","5,446.05",128352,"955,568,179.00",12869
"25-Oct-2019","EQ","7,396.50","7,509.00","7,353.85","7,391.40","7,460.30","7,471.15","7,442.20","7,949.75","5,446.05",1353615,"10,073,877,372.65",164781
"24-Oct-2019","EQ","7,460.00","7,475.00","7,271.00","7,440.25","7,390.00","7,391.40","7,386.60","7,949.75","5,446.05",1658859,"12,253,327,172.30",157094
"23-Oct-2019","EQ","7,201.05","7,472.00","7,200.00","7,256.25","7,415.20","7,440.25","7,381.04","7,949.75","5,446.05",1278695,"9,438,098,512.75",103063
"22-Oct-2019","EQ","7,333.00","7,392.00","7,232.00","7,302.30","7,262.25","7,256.25","7,313.80","7,949.75","5,446.05",959552,"7,017,969,456.70",90739
"18-Oct-2019","EQ","7,081.30","7,450.00","7,061.65","7,123.90","7,350.00","7,302.30","7,225.40","7,949.75","5,446.05",1463126,"10,571,673,041.45",114860
"17-Oct-2019","EQ","6,977.00","7,155.55","6,940.00","6,975.00","7,126.00","7,123.90","7,027.01","7,949.75","5,446.05",1248295,"8,771,779,630.85",89325
"16-Oct-2019","EQ","7,003.45","7,013.90","6,895.00","6,985.75","6,977.00","6,975.00","6,958.16","7,949.75","5,446.05",876844,"6,101,225,216.15",84164
"15-Oct-2019","EQ","6,811.00","7,019.00","6,809.00","6,821.10","6,995.00","6,985.75","6,951.84","7,949.75","5,446.05",1276061,"8,870,978,185.20",98230
"14-Oct-2019","EQ","6,697.95","6,874.55","6,696.05","6,698.90","6,805.40","6,821.10","6,774.60","7,949.75","5,446.05",963217,"6,525,412,654.00",72532
"11-Oct-2019","EQ","6,626.30","6,720.00","6,626.30","6,605.45","6,692.80","6,698.90","6,681.63","7,949.75","5,446.05",835065,"5,579,596,060.40",63691
"10-Oct-2019","EQ","6,700.00","6,742.10","6,558.25","6,719.55","6,624.00","6,605.45","6,639.63","7,949.75","5,446.05",985523,"6,543,513,002.35",80370
"09-Oct-2019","EQ","6,628.00","6,743.80","6,590.00","6,629.85","6,730.00","6,719.55","6,691.03","7,949.75","5,446.05",1017731,"6,809,664,534.60",83048
"07-Oct-2019","EQ","6,674.70","6,699.00","6,558.15","6,649.60","6,639.00","6,629.85","6,636.21","7,949.75","5,446.05",696713,"4,623,534,607.75",68054
"04-Oct-2019","EQ","6,793.00","6,845.90","6,618.40","6,754.05","6,645.95","6,649.60","6,762.15","7,949.75","5,446.05",1065056,"7,202,067,211.75",93392
"03-Oct-2019","EQ","6,786.60","6,794.95","6,680.00","6,782.00","6,743.10","6,754.05","6,733.72","7,949.75","5,446.05",850852,"5,729,402,012.60",89067
"01-Oct-2019","EQ","6,720.00","6,850.00","6,650.00","6,715.80","6,786.60","6,782.00","6,762.40","7,949.75","5,446.05",1473158,"9,962,077,964.40",126618
"30-Sep-2019","EQ","6,773.00","6,809.60","6,640.00","6,773.70","6,700.00","6,715.80","6,698.81","7,949.75","5,446.05",1264165,"8,468,398,992.15",99286
"27-Sep-2019","EQ","6,860.00","6,915.00","6,735.00","6,857.45","6,765.30","6,773.70","6,801.12","8,089.90","5,446.05",1457894,"9,915,310,112.10",123866
"26-Sep-2019","EQ","6,700.00","6,899.90","6,681.05","6,638.50","6,855.00","6,857.45","6,809.38","8,089.90","5,446.05",1893865,"12,896,040,085.80",153357
"25-Sep-2019","EQ","7,000.00","7,000.00","6,602.00","7,009.10","6,700.00","6,638.50","6,752.87","8,089.90","5,446.05",2296343,"15,506,907,735.30",202225
"24-Sep-2019","EQ","6,935.00","7,177.90","6,855.00","6,897.85","7,033.20","7,009.10","6,996.14","8,089.90","5,446.05",2354230,"16,470,532,686.50",224403
"23-Sep-2019","EQ","6,676.10","7,000.00","6,676.10","6,591.95","6,885.10","6,897.85","6,891.10","8,089.90","5,446.05",3140286,"21,640,015,382.95",282219
"20-Sep-2019","EQ","6,015.00","6,949.80","5,982.45","5,971.75","6,601.00","6,591.95","6,513.47","8,659.70","5,446.05",4892962,"31,870,157,868.40",407715
"19-Sep-2019","EQ","6,139.00","6,175.00","5,942.40","6,095.05","5,987.70","5,971.75","6,056.96","8,659.70","5,446.05",1721431,"10,426,637,456.05",130046
"18-Sep-2019","EQ","6,165.00","6,211.80","5,986.60","6,130.40","6,105.00","6,095.05","6,083.27","8,659.70","5,446.05",1955137,"11,893,628,117.15",154690
"17-Sep-2019","EQ","6,410.00","6,445.85","6,110.00","6,412.75","6,116.30","6,130.40","6,261.06","8,659.70","5,446.05",1706567,"10,684,914,766.20",138251
"16-Sep-2019","EQ","6,349.90","6,489.00","6,340.10","6,450.30","6,399.00","6,412.75","6,417.49","8,659.70","5,446.05",1377371,"8,839,261,359.35",121546
"13-Sep-2019","EQ","6,434.00","6,512.80","6,340.00","6,392.05","6,445.70","6,450.30","6,441.54","8,750.00","5,446.05",1929801,"12,430,889,061.80",143210
"12-Sep-2019","EQ","6,565.00","6,640.00","6,370.00","6,597.30","6,398.75","6,392.05","6,491.28","8,750.00","5,446.05",1892862,"12,287,102,494.45",152225
"11-Sep-2019","EQ","6,330.00","6,630.00","6,285.10","6,335.50","6,580.00","6,597.30","6,500.22","8,750.00","5,446.05",2492039,"16,198,807,339.70",197737
"09-Sep-2019","EQ","6,085.00","6,366.95","6,040.00","6,186.95","6,355.05","6,335.50","6,220.02","8,750.00","5,446.05",2061193,"12,820,659,102.80",177089
"06-Sep-2019","EQ","5,997.70","6,220.00","5,962.10","5,968.65","6,199.90","6,186.95","6,092.33","9,118.95","5,446.05",1524051,"9,285,017,702.30",140253
"05-Sep-2019","EQ","5,805.00","5,998.00","5,791.25","5,830.75","5,977.40","5,968.65","5,910.61","9,118.95","5,446.05",1149196,"6,792,446,704.90",98164
"04-Sep-2019","EQ","6,062.00","6,076.20","5,800.00","6,049.70","5,805.20","5,830.75","5,892.04","9,118.95","5,446.05",1964992,"11,577,805,367.15",161677
"03-Sep-2019","EQ","6,035.00","6,130.00","6,002.25","6,123.75","6,049.70","6,049.70","6,064.24","9,118.95","5,446.05",1173373,"7,115,611,551.35",99898
"30-Aug-2019","EQ","6,144.00","6,159.25","6,052.90","6,110.20","6,108.35","6,123.75","6,111.18","9,468.30","5,446.05",794518,"4,855,445,233.15",81325
"29-Aug-2019","EQ","6,103.40","6,198.00","6,065.00","6,103.40","6,150.00","6,110.20","6,127.93","9,468.30","5,446.05",1006756,"6,169,330,665.55",84377
"28-Aug-2019","EQ","6,248.00","6,248.00","6,070.00","6,277.75","6,109.95","6,103.40","6,147.63","9,468.30","5,446.05",1242304,"7,637,219,530.50",120487
"27-Aug-2019","EQ","6,297.50","6,340.00","6,256.00","6,255.55","6,260.20","6,277.75","6,297.13","9,468.30","5,446.05",1078065,"6,788,715,373.95",107538
"26-Aug-2019","EQ","6,460.00","6,466.70","6,116.15","6,254.35","6,234.15","6,255.55","6,243.79","9,468.30","5,446.05",1552155,"9,691,329,741.00",152471
"23-Aug-2019","EQ","6,160.00","6,279.60","6,040.00","6,208.55","6,250.90","6,254.35","6,175.49","9,468.30","5,446.05",1232405,"7,610,700,093.90",138478
"22-Aug-2019","EQ","6,200.00","6,298.50","6,168.00","6,228.90","6,198.00","6,208.55","6,228.18","9,468.30","5,446.05",1551394,"9,662,366,526.10",142240
"21-Aug-2019","EQ","6,223.00","6,276.00","6,141.00","6,190.95","6,250.90","6,228.90","6,219.46","9,468.30","5,446.05",2128640,"13,238,983,427.15",164691
"20-Aug-2019","EQ","6,003.00","6,233.00","5,959.05","5,982.55","6,223.00","6,190.95","6,124.73","9,468.30","5,446.05",2198337,"13,464,211,807.00",165532
"19-Aug-2019","EQ","5,999.00","6,024.40","5,911.60","5,975.05","6,003.00","5,982.55","5,974.86","9,468.30","5,446.05",902389,"5,391,643,802.50",85283
"16-Aug-2019","EQ","5,805.00","5,995.00","5,590.00","5,816.00","5,970.00","5,975.05","5,885.70","9,468.30","5,446.05",1207075,"7,104,481,192.15",129048
"14-Aug-2019","EQ","5,792.00","5,933.40","5,710.00","5,815.45","5,823.00","5,816.00","5,831.34","9,468.30","5,446.05",1030939,"6,011,758,849.75",114881
"13-Aug-2019","EQ","6,099.70","6,123.00","5,791.55","6,099.90","5,792.00","5,815.45","5,906.60","9,468.30","5,446.05",909354,"5,371,187,419.40",92700
"09-Aug-2019","EQ","5,937.65","6,155.00","5,927.20","5,902.25","6,100.25","6,099.90","6,052.75","9,468.30","5,446.05",1445079,"8,746,706,387.25",139928
"08-Aug-2019","EQ","5,725.00","5,947.00","5,725.00","5,775.00","5,934.25","5,902.25","5,804.27","9,468.30","5,446.05",831725,"4,827,558,066.00",79045
"07-Aug-2019","EQ","5,833.95","5,867.00","5,735.70","5,833.30","5,736.00","5,775.00","5,797.06","9,468.30","5,446.05",955090,"5,536,712,222.70",94517
"06-Aug-2019","EQ","5,640.00","5,849.00","5,640.00","5,670.35","5,830.00","5,833.30","5,774.41","9,468.30","5,446.05",1125521,"6,499,221,773.80",121115
"05-Aug-2019","EQ","5,600.00","5,695.00","5,452.00","5,689.35","5,667.50","5,670.35","5,594.63","9,468.30","5,446.05",1122496,"6,279,949,817.65",112301
"02-Aug-2019","EQ","5,539.60","5,724.00","5,485.00","5,572.60","5,710.00","5,689.35","5,627.21","9,587.75","5,446.05",1391678,"7,831,266,660.15",141373
"01-Aug-2019","EQ","5,469.70","5,615.00","5,450.00","5,469.70","5,586.00","5,572.60","5,509.86","9,587.75","5,446.05",1134178,"6,249,165,414.15",131995
"31-Jul-2019","EQ","5,525.80","5,582.30","5,446.05","5,507.15","5,470.00","5,469.70","5,516.50","9,587.75","5,446.05",1053202,"5,809,990,797.55",107035
"30-Jul-2019","EQ","5,562.00","5,644.85","5,492.00","5,561.25","5,521.80","5,507.15","5,554.32","9,587.75","5,492.00",1189163,"6,604,991,463.35",119245
"29-Jul-2019","EQ","5,770.00","5,770.00","5,540.00","5,805.65","5,545.00","5,561.25","5,618.36","9,587.75","5,540.00",1548125,"8,697,930,742.80",130316
"26-Jul-2019","EQ","5,728.00","5,955.00","5,683.90","5,756.75","5,820.00","5,805.65","5,804.34","9,929.00","5,683.90",2346714,"13,621,132,997.85",201684
"25-Jul-2019","EQ","5,789.10","5,844.95","5,701.05","5,768.00","5,747.50","5,756.75","5,762.53","9,929.00","5,701.05",990461,"5,707,558,859.25",83962
"24-Jul-2019","EQ","5,865.00","5,865.00","5,725.30","5,873.75","5,765.05","5,768.00","5,791.11","9,929.00","5,710.10",800687,"4,636,870,286.85",97250
"23-Jul-2019","EQ","5,910.00","5,972.40","5,820.20","5,912.50","5,855.30","5,873.75","5,898.71","9,929.00","5,710.10",841517,"4,963,868,755.65",88218
"22-Jul-2019","EQ","5,780.00","5,940.00","5,745.05","5,769.10","5,910.00","5,912.50","5,868.62","9,929.00","5,710.10",897510,"5,267,143,187.25",88243
"19-Jul-2019","EQ","5,885.00","5,910.95","5,710.10","5,882.35","5,775.00","5,769.10","5,791.16","9,929.00","5,710.10",1228672,"7,115,441,159.25",145071
"18-Jul-2019","EQ","6,054.40","6,055.70","5,857.50","6,075.70","5,875.00","5,882.35","5,938.43","9,929.00","5,857.50",1097857,"6,519,542,734.40",105839
"17-Jul-2019","EQ","6,168.00","6,174.00","6,050.00","6,158.05","6,059.00","6,075.70","6,109.23","9,929.00","5,900.00",598778,"3,658,071,964.80",56232
"16-Jul-2019","EQ","6,079.95","6,172.00","6,056.00","6,079.70","6,153.95","6,158.05","6,134.82","9,929.00","5,900.00",627259,"3,848,123,380.45",61750
"15-Jul-2019","EQ","5,980.00","6,096.00","5,955.00","5,971.45","6,079.95","6,079.70","6,038.46","9,929.00","5,900.00",675004,"4,075,987,631.85",68190
"12-Jul-2019","EQ","6,017.70","6,090.00","5,951.95","6,031.20","5,956.00","5,971.45","6,024.52","9,929.00","5,900.00",719883,"4,336,951,396.55",78770
"11-Jul-2019","EQ","5,974.00","6,050.00","5,930.00","5,927.90","6,013.00","6,031.20","5,992.93","9,929.00","5,900.00",779113,"4,669,172,506.70",74508
"10-Jul-2019","EQ","5,959.00","5,995.00","5,900.00","5,945.45","5,920.00","5,927.90","5,939.74","9,929.00","5,900.00",809385,"4,807,536,078.95",89147
"09-Jul-2019","EQ","6,060.00","6,070.00","5,910.00","6,038.70","5,950.00","5,945.45","5,990.44","9,929.00","5,910.00",1337999,"8,015,196,039.80",149864
"08-Jul-2019","EQ","6,280.10","6,283.15","5,985.65","6,360.00","6,052.85","6,038.70","6,091.11","9,929.00","5,985.65",1927495,"11,740,585,131.45",202330
"05-Jul-2019","EQ","6,547.20","6,579.00","6,300.00","6,544.45","6,320.00","6,360.00","6,483.81","9,929.00","6,300.00",866460,"5,617,965,484.55",80160
"04-Jul-2019","EQ","6,540.00","6,588.00","6,510.20","6,533.80","6,531.00","6,544.45","6,555.09","9,929.00","6,317.70",576449,"3,778,673,868.75",52529
"03-Jul-2019","EQ","6,582.00","6,590.00","6,515.05","6,560.00","6,532.35","6,533.80","6,554.19","9,929.00","6,317.70",517709,"3,393,165,296.30",44855
"02-Jul-2019","EQ","6,510.05","6,588.80","6,482.00","6,507.85","6,582.00","6,560.00","6,528.06","9,929.00","6,317.70",518084,"3,382,083,492.90",45162
"01-Jul-2019","EQ","6,600.00","6,618.00","6,490.00","6,534.65","6,501.00","6,507.85","6,528.23","9,929.00","6,317.70",754667,"4,926,640,760.05",64626
"28-Jun-2019","EQ","6,500.00","6,550.00","6,475.00","6,486.70","6,539.00","6,534.65","6,523.49","9,929.00","6,317.70",618701,"4,036,089,916.30",59961
"27-Jun-2019","EQ","6,496.20","6,575.00","6,475.00","6,480.30","6,482.00","6,486.70","6,521.87","9,929.00","6,317.70",1022011,"6,665,426,409.50",111315
"26-Jun-2019","EQ","6,519.00","6,557.80","6,460.10","6,522.50","6,468.00","6,480.30","6,501.77","9,929.00","6,317.70",572239,"3,720,565,277.75",56207
"25-Jun-2019","EQ","6,459.00","6,540.00","6,427.35","6,459.90","6,509.00","6,522.50","6,501.51","9,929.00","6,317.70",580392,"3,773,426,143.70",55789
"24-Jun-2019","EQ","6,411.00","6,497.10","6,322.85","6,417.25","6,456.00","6,459.90","6,417.75","9,929.00","6,317.70",911826,"5,851,867,572.65",87935
"21-Jun-2019","EQ","6,549.00","6,549.00","6,370.20","6,616.75","6,425.00","6,417.25","6,443.31","9,929.00","6,317.70",1345890,"8,671,983,752.55",143708
"20-Jun-2019","EQ","6,390.00","6,649.00","6,340.25","6,424.65","6,629.00","6,616.75","6,486.49","9,929.00","6,317.70",992450,"6,437,516,526.25",91432
"19-Jun-2019","EQ","6,485.00","6,560.65","6,380.00","6,439.00","6,389.95","6,424.65","6,476.71","9,929.00","6,317.70",715496,"4,634,056,851.05",72465
"18-Jun-2019","EQ","6,604.50","6,649.00","6,390.00","6,581.65","6,485.00","6,439.00","6,512.14","9,929.00","6,317.70",1048826,"6,830,101,386.40",98693
"17-Jun-2019","EQ","6,749.40","6,768.05","6,560.50","6,747.40","6,590.00","6,581.65","6,645.88","9,929.00","6,317.70",567397,"3,770,850,931.75",70473
"14-Jun-2019","EQ","6,775.00","6,839.00","6,727.35","6,784.70","6,744.00","6,747.40","6,768.04","9,929.00","6,317.70",449930,"3,045,144,274.75",47943
"13-Jun-2019","EQ","6,843.00","6,863.70","6,766.30","6,852.00","6,770.00","6,784.70","6,809.00","9,929.00","6,317.70",561159,"3,820,931,953.05",64664
"12-Jun-2019","EQ","6,963.80","6,967.95","6,825.05","6,978.30","6,866.00","6,852.00","6,881.07","9,929.00","6,317.70",494886,"3,405,346,796.10",61309
"11-Jun-2019","EQ","6,989.95","7,018.20","6,930.00","6,969.95","6,963.70","6,978.30","6,970.40","9,929.00","6,317.70",387309,"2,699,697,432.70",51692
"10-Jun-2019","EQ","6,980.00","7,043.30","6,922.00","6,948.25","6,995.00","6,969.95","6,974.91","9,929.00","6,317.70",395116,"2,755,898,692.85",50060
"07-Jun-2019","EQ","6,990.00","6,990.00","6,862.65","6,988.70","6,950.00","6,948.25","6,939.99","9,929.00","6,317.70",470376,"3,264,402,531.70",58091
"06-Jun-2019","EQ","7,060.20","7,099.00","6,928.00","7,051.80","6,980.00","6,988.70","7,023.41","9,929.00","6,317.70",720856,"5,062,865,011.65",82118
"04-Jun-2019","EQ","7,000.00","7,099.00","6,971.75","7,022.90","7,080.65","7,051.80","7,020.96","9,929.00","6,317.70",575281,"4,039,023,299.50",61414
"03-Jun-2019","EQ","6,760.00","7,055.00","6,760.00","6,869.85","7,035.05","7,022.90","6,952.57","9,929.00","6,317.70",1157809,"8,049,748,466.80",103872
"31-May-2019","EQ","6,891.00","6,961.30","6,825.00","6,867.70","6,830.00","6,869.85","6,894.50","9,929.00","6,317.70",1084204,"7,475,047,661.45",95717
"30-May-2019","EQ","6,890.00","6,921.00","6,825.00","6,891.45","6,847.55","6,867.70","6,872.77","9,929.00","6,317.70",850456,"5,844,991,842.60",75608
"29-May-2019","EQ","7,001.00","7,009.00","6,870.00","7,054.65","6,880.00","6,891.45","6,936.62","9,929.00","6,317.70",768022,"5,327,477,410.35",77100
"28-May-2019","EQ","7,067.00","7,130.00","7,031.50","7,068.45","7,043.50","7,054.65","7,071.19","9,929.00","6,317.70",915732,"6,475,312,499.80",100359
"27-May-2019","EQ","7,095.00","7,193.90","6,900.05","7,093.15","7,036.65","7,068.45","7,092.46","9,929.00","6,317.70",1022289,"7,250,547,210.50",118094
"24-May-2019","EQ","6,964.95","7,120.00","6,886.75","6,929.25","7,090.00","7,093.15","7,027.47","9,929.00","6,317.70",1002742,"7,046,739,033.35",115405
"23-May-2019","EQ","6,996.00","7,049.10","6,830.00","6,899.80","6,902.20","6,929.25","6,970.56","9,929.00","6,317.70",1364516,"9,511,440,775.35",172058
"22-May-2019","EQ","6,877.20","6,930.55","6,841.00","6,875.35","6,900.00","6,899.80","6,896.05","9,929.00","6,317.70",645280,"4,449,882,435.60",84382
"21-May-2019","EQ","7,105.00","7,137.75","6,818.00","7,084.60","6,871.80","6,875.35","6,988.32","9,929.00","6,317.70",973836,"6,805,478,189.20",132504
"20-May-2019","EQ","6,875.00","7,150.00","6,860.00","6,706.85","7,089.00","7,084.60","7,032.43","9,929.00","6,317.70",1286198,"9,045,095,148.05",158544
"17-May-2019","EQ","6,497.00","6,790.00","6,485.00","6,479.65","6,769.95","6,706.85","6,608.78","9,929.00","6,317.70",782196,"5,169,360,544.35",82076
"16-May-2019","EQ","6,506.00","6,527.30","6,441.40","6,493.75","6,480.00","6,479.65","6,478.72","9,929.00","6,317.70",555991,"3,602,110,443.10",53765
"15-May-2019","EQ","6,590.00","6,640.00","6,463.30","6,576.20","6,467.00","6,493.75","6,571.26","9,929.00","6,317.70",612357,"4,023,959,332.45",71165
"14-May-2019","EQ","6,511.00","6,612.00","6,450.00","6,543.75","6,580.00","6,576.20","6,549.98","9,929.00","6,317.70",843313,"5,523,683,293.35",92532
"13-May-2019","EQ","6,626.00","6,659.30","6,500.00","6,631.60","6,523.00","6,543.75","6,603.04","9,929.00","6,317.70",555672,"3,669,122,665.40",74137
"10-May-2019","EQ","6,623.00","6,664.90","6,575.00","6,624.95","6,630.00","6,631.60","6,622.41","9,929.00","6,317.70",608669,"4,030,855,439.15",75423
"09-May-2019","EQ","6,637.00","6,678.00","6,600.00","6,650.15","6,609.85","6,624.95","6,646.86","9,929.00","6,317.70",570000,"3,788,709,570.90",71334
"08-May-2019","EQ","6,679.00","6,693.00","6,616.00","6,702.00","6,650.00","6,650.15","6,655.70","9,929.00","6,317.70",552749,"3,678,929,102.20",59897
"07-May-2019","EQ","6,744.90","6,785.25","6,680.00","6,709.65","6,693.00","6,702.00","6,737.56","9,929.00","6,317.70",586684,"3,952,820,674.40",69696
"06-May-2019","EQ","6,659.00","6,732.00","6,639.30","6,710.00","6,706.25","6,709.65","6,698.71","9,929.00","6,317.70",480317,"3,217,505,520.05",50892
"03-May-2019","EQ","6,675.00","6,780.00","6,675.00","6,683.25","6,705.50","6,710.00","6,743.66","9,929.00","6,317.70",795679,"5,365,789,580.70",67142
"02-May-2019","EQ","6,550.00","6,709.95","6,525.00","6,666.40","6,670.00","6,683.25","6,643.36","9,929.00","6,317.70",1337101,"8,882,841,034.60",115121
"30-Apr-2019","EQ","6,700.00","6,750.00","6,630.00","6,842.85","6,638.60","6,666.40","6,683.07","9,929.00","6,317.70",1640025,"10,960,405,883.90",166409